<?xml version="1.0" encoding="UTF-8"?>
<project-private xmlns="http://www.netbeans.org/ns/project-private/1">
    <editor-bookmarks xmlns="http://www.netbeans.org/ns/editor-bookmarks/2" lastBookmarkId="0"/>
    <open-files xmlns="http://www.netbeans.org/ns/projectui-open-files/2">
        <group>
            <file>file:/C:/Users/edmon/Documents/Workspace/COE%20318/BankAccounts/src/coe318/lab4/Bank.java</file>
            <file>file:/C:/Users/edmon/Documents/Workspace/COE%20318/BankAccounts/src/coe318/lab4/MainBank.java</file>
        </group>
    </open-files>
</project-private>
